{"rf": 0.9385964912280702, "svc": 0.9385964912280702, "dt": 0.8859649122807017, "knn": 0.9298245614035088}